{
   "$schema": "https://schema.management.azure.com/schemas/0.1.2-preview/CreateUIDefinition.MultiVm.json#",
   "handler": "Microsoft.Azure.CreateUIDef",
   "version": "0.1.2-preview",
   "parameters": {
     "basics": [
       {}
     ],
     "steps": [
       {
         "name": "allSettings",
         "label": "All settings",
         "subLabel": {
           "preValidation": "Configure everything",
           "postValidation": "Done"
         },
         "bladeTitle": "All settings",
         "elements": [
           {
             "name": "userObjectId",
             "type": "Microsoft.Common.TextBox",
             "label": "userObjectId",
             "visible": true
           },
           {
             "name": "proxyName",
             "type": "Microsoft.Common.TextBox",
             "label": "proxyName",
             "visible": true
           },
           {
             "name": "validatorName",
             "type": "Microsoft.Common.TextBox",
             "label": "validatorName",
             "visible": true
           },
           {
             "name": "adminUsername",
             "type": "Microsoft.Common.TextBox",
             "label": "adminUsername",
             "visible": true
           },
           {
             "name": "adminPublicKey",
             "type": "Microsoft.Common.TextBox",
             "label": "adminPublicKey",
             "visible": true
           },
           {
             "name": "attesterPostgreSQLUsername",
             "type": "Microsoft.Common.TextBox",
             "label": "attesterPostgreSQLUsername",
             "visible": true
           },
           {
             "name": "attesterPostgreSQLPassword",
             "type": "Microsoft.Common.TextBox",
             "label": "attesterPostgreSQLPassword",
             "visible": true
           },
           {
             "name": "validatorAccountAddress",
             "type": "Microsoft.Common.TextBox",
             "label": "validatorAccountAddress",
             "visible": true
           },
           {
             "name": "proxyPublicKey",
             "type": "Microsoft.Common.TextBox",
             "label": "proxyPublicKey",
             "visible": true
           },
           {
             "name": "proxyPrivateKey",
             "type": "Microsoft.Common.TextBox",
             "label": "proxyPrivateKey",
             "visible": true
           },
           {
             "name": "validatorPrivateKey",
             "type": "Microsoft.Common.TextBox",
             "label": "validatorPrivateKey",
             "visible": true
           },
           {
             "name": "validatorGethAccountSecret",
             "type": "Microsoft.Common.TextBox",
             "label": "validatorGethAccountSecret",
             "visible": true
           },
           {
             "name": "attesterAccountAddress",
             "type": "Microsoft.Common.TextBox",
             "label": "attesterAccountAddress",
             "visible": true
           },
           {
             "name": "attesterPrivateKey",
             "type": "Microsoft.Common.TextBox",
             "label": "attesterPrivateKey",
             "visible": true
           },
           {
             "name": "attesterGethAccountSecret",
             "type": "Microsoft.Common.TextBox",
             "label": "attesterGethAccountSecret",
             "visible": true
           },
           {
             "name": "attesterTwilioAccountSID",
             "type": "Microsoft.Common.TextBox",
             "label": "attesterTwilioAccountSID",
             "visible": true
           },
           {
             "name": "attesterTwilioAuthToken",
             "type": "Microsoft.Common.TextBox",
             "label": "attesterTwilioAuthToken",
             "visible": true
           },
           {
             "name": "attesterTwilioMessageServiceSID",
             "type": "Microsoft.Common.TextBox",
             "label": "attesterTwilioMessageServiceSID",
             "visible": true
           }
         ]
       }
     ],
     "outputs": {
       "userObjectId": "[steps('allSettings').userObjectId]",
       "proxyName": "[steps('allSettings').proxyName]",
       "validatorName": "[steps('allSettings').validatorName]",
       "adminUsername": "[steps('allSettings').adminUsername]",
       "adminPublicKey": "[steps('allSettings').adminPublicKey]",
       "attesterPostgreSQLUsername": "[steps('allSettings').attesterPostgreSQLUsername]",
       "attesterPostgreSQLPassword": "[steps('allSettings').attesterPostgreSQLPassword]",
       "validatorAccountAddress": "[steps('allSettings').validatorAccountAddress]",
       "proxyPublicKey": "[steps('allSettings').proxyPublicKey]",
       "proxyPrivateKey": "[steps('allSettings').proxyPrivateKey]",
       "validatorPrivateKey": "[steps('allSettings').validatorPrivateKey]",
       "validatorGethAccountSecret": "[steps('allSettings').validatorGethAccountSecret]",
       "attesterAccountAddress": "[steps('allSettings').attesterAccountAddress]",
       "attesterPrivateKey": "[steps('allSettings').attesterPrivateKey]",
       "attesterGethAccountSecret": "[steps('allSettings').attesterGethAccountSecret]",
       "attesterTwilioAccountSID": "[steps('allSettings').attesterTwilioAccountSID]",
       "attesterTwilioAuthToken": "[steps('allSettings').attesterTwilioAuthToken]",
       "attesterTwilioMessageServiceSID": "[steps('allSettings').attesterTwilioMessageServiceSID]"
     }
   }
}
